map,scen_file,num_agents,timeout_s,runtime,#high-level expanded,#high-level generated,#low-level expanded,#low-level generated,solution cost,min f value,root g value,root f value,#adopt bypasses,standard conflicts,rectangle conflicts,corridor conflicts,target conflicts,mutex conflicts,#merge MDDs,#solve 2 agents,#memoization,runtime of building heuristic graph,runtime of solving MVC,runtime of detecting conflicts,runtime of rectangle conflicts,runtime of corridor conflicts,runtime of mutex conflicts,runtime of building MDDs,runtime of building constraint tables,runtime of building CATs,runtime of path finding,runtime of generating child nodes,preprocessing runtime,solver name,instance name
room-64-64-8,room-64-64-8-random-10,10,300,0.011216,8,17,5273,15586,690,690,684,688,0,4,0,4,0,0,0,8,4,0.005596,1.2e-05,2.6e-05,1e-05,0.001499,0,0.000715,3e-06,0.000464,0.002701,0.002731,0.003044,WDG+GR+GC+T+BP with AStar,benchmarks/room-64-64-8/scenarios/room-64-64-8-random-10.scen:
room-64-64-8,room-64-64-8-random-11,10,300,0.001446,1,3,1050,3574,489,489,487,489,0,0,0,1,0,0,0,1,0,0.00051,2e-06,6e-06,0,6.6e-05,0,7.1e-05,2e-06,5.7e-05,0.000327,0.000331,0.003045,WDG+GR+GC+T+BP with AStar,benchmarks/room-64-64-8/scenarios/room-64-64-8-random-11.scen:
room-64-64-8,room-64-64-8-random-12,10,300,0.001781,2,5,1205,3937,566,566,562,566,0,0,0,2,0,0,0,3,0,0.000732,3e-06,9e-06,0,6.3e-05,0,7.9e-05,0,6.1e-05,0.000397,0.000404,0.003043,WDG+GR+GC+T+BP with AStar,benchmarks/room-64-64-8/scenarios/room-64-64-8-random-12.scen:
room-64-64-8,room-64-64-8-random-13,10,300,0.000489,0,1,615,2452,605,605,605,605,0,0,0,0,0,0,0,0,0,0,0,4e-06,0,0,0,0,0,0,0,0,0.003015,WDG+GR+GC+T+BP with AStar,benchmarks/room-64-64-8/scenarios/room-64-64-8-random-13.scen:
room-64-64-8,room-64-64-8-random-14,10,300,0.002955,2,5,2143,6340,716,716,711,716,0,0,0,2,0,0,0,2,0,0.001199,3e-06,1.1e-05,0,0.000155,0,0.000145,1e-06,0.000116,0.00082,0.000829,0.003054,WDG+GR+GC+T+BP with AStar,benchmarks/room-64-64-8/scenarios/room-64-64-8-random-14.scen:
room-64-64-8,room-64-64-8-random-15,10,300,0.001654,2,3,1185,4317,615,615,613,615,1,0,0,1,0,0,0,2,0,0.000591,3e-06,9e-06,0,5.8e-05,0,0.000108,1e-06,7.1e-05,0.000363,0.000369,0.003026,WDG+GR+GC+T+BP with AStar,benchmarks/room-64-64-8/scenarios/room-64-64-8-random-15.scen:
room-64-64-8,room-64-64-8-random-16,10,300,0.004294,2,5,3503,7723,578,578,574,577,0,1,0,0,1,0,0,2,0,0.002062,4e-06,9e-06,0,2e-06,0,8.6e-05,1e-06,0.000127,0.00159,0.001599,0.002998,WDG+GR+GC+T+BP with AStar,benchmarks/room-64-64-8/scenarios/room-64-64-8-random-16.scen:
room-64-64-8,room-64-64-8-random-17,10,300,0.000475,0,1,613,2496,603,603,603,603,0,0,0,0,0,0,0,0,0,0,0,5e-06,0,0,0,0,0,0,0,0,0.003077,WDG+GR+GC+T+BP with AStar,benchmarks/room-64-64-8/scenarios/room-64-64-8-random-17.scen:
room-64-64-8,room-64-64-8-random-18,10,300,0.004778,3,7,2470,6878,627,627,622,625,1,0,1,2,0,0,0,5,0,0.002376,7e-06,1.4e-05,4.1e-05,0.000408,0,0.000317,1e-06,0.000135,0.001033,0.001049,0.003069,WDG+GR+GC+T+BP with AStar,benchmarks/room-64-64-8/scenarios/room-64-64-8-random-18.scen:
room-64-64-8,room-64-64-8-random-19,10,300,0.010536,6,13,3179,8190,424,424,420,422,0,5,0,1,0,0,0,11,0,0.007703,1.2e-05,1.6e-05,2.8e-05,9e-05,0,0.000642,4e-06,0.000333,0.001636,0.001658,0.002971,WDG+GR+GC+T+BP with AStar,benchmarks/room-64-64-8/scenarios/room-64-64-8-random-19.scen:
room-64-64-8,room-64-64-8-random-1,10,300,0.000835,1,3,707,2535,472,472,470,472,0,0,0,1,0,0,0,1,0,0.000209,2e-06,6e-06,0,2.7e-05,0,3.4e-05,0,2.6e-05,0.000143,0.000146,0.003038,WDG+GR+GC+T+BP with AStar,benchmarks/room-64-64-8/scenarios/room-64-64-8-random-1.scen:
room-64-64-8,room-64-64-8-random-20,10,300,0.002561,1,3,1777,5035,639,639,635,637,0,0,0,1,0,0,0,2,0,0.001132,4e-06,7e-06,0,0.000143,0,9.2e-05,0,7.2e-05,0.000598,0.000602,0.002983,WDG+GR+GC+T+BP with AStar,benchmarks/room-64-64-8/scenarios/room-64-64-8-random-20.scen:
room-64-64-8,room-64-64-8-random-21,10,300,0.000467,0,1,590,2372,568,568,568,568,0,0,0,0,0,0,0,0,0,0,0,4e-06,0,0,0,0,0,0,0,0,0.003057,WDG+GR+GC+T+BP with AStar,benchmarks/room-64-64-8/scenarios/room-64-64-8-random-21.scen:
room-64-64-8,room-64-64-8-random-22,10,300,0.000447,0,1,552,2276,533,533,533,533,0,0,0,0,0,0,0,0,0,0,0,3e-06,0,0,0,0,0,0,0,0,0.003053,WDG+GR+GC+T+BP with AStar,benchmarks/room-64-64-8/scenarios/room-64-64-8-random-22.scen:
room-64-64-8,room-64-64-8-random-23,10,300,0.000491,0,1,629,2544,619,619,619,619,0,0,0,0,0,0,0,0,0,0,0,5e-06,0,0,0,0,0,0,0,0,0.003233,WDG+GR+GC+T+BP with AStar,benchmarks/room-64-64-8/scenarios/room-64-64-8-random-23.scen:
room-64-64-8,room-64-64-8-random-24,10,300,0.001943,2,5,1384,4130,444,444,440,444,0,0,0,2,0,0,0,2,0,0.000793,3e-06,6e-06,0,9e-05,0,9.7e-05,0,7.3e-05,0.000549,0.000557,0.003019,WDG+GR+GC+T+BP with AStar,benchmarks/room-64-64-8/scenarios/room-64-64-8-random-24.scen:
room-64-64-8,room-64-64-8-random-25,10,300,0.002859,2,5,1390,4649,653,653,649,652,0,1,0,1,0,0,0,3,0,0.001371,6e-06,9e-06,0,0.000263,0,0.000155,0,9.7e-05,0.000486,0.000493,0.00313,WDG+GR+GC+T+BP with AStar,benchmarks/room-64-64-8/scenarios/room-64-64-8-random-25.scen:
room-64-64-8,room-64-64-8-random-2,10,300,0.000721,1,3,629,2542,470,470,470,470,0,0,0,0,1,0,0,1,0,0.000165,2e-06,6e-06,0,2e-06,0,4.1e-05,0,2.8e-05,0.000101,0.000106,0.003038,WDG+GR+GC+T+BP with AStar,benchmarks/room-64-64-8/scenarios/room-64-64-8-random-2.scen:
room-64-64-8,room-64-64-8-random-3,10,300,0.001745,2,5,1531,5131,608,608,605,607,0,1,0,0,1,0,0,2,0,0.000578,5e-06,1e-05,0,2e-06,0,8.2e-05,1e-06,7.3e-05,0.0005,0.000509,0.002991,WDG+GR+GC+T+BP with AStar,benchmarks/room-64-64-8/scenarios/room-64-64-8-random-3.scen:
room-64-64-8,room-64-64-8-random-4,10,300,0.002053,1,3,1488,4283,586,586,582,586,0,0,0,1,0,0,0,1,0,0.000844,1e-06,7e-06,0,0.000134,0,3.5e-05,0,5.1e-05,0.000562,0.000566,0.003147,WDG+GR+GC+T+BP with AStar,benchmarks/room-64-64-8/scenarios/room-64-64-8-random-4.scen:
room-64-64-8,room-64-64-8-random-5,10,300,0.012227,1,3,10458,15272,707,707,693,707,0,0,0,0,1,0,0,1,0,0.00649,2e-06,9e-06,0,2e-06,0,5.3e-05,0,3.1e-05,0.00487,0.005124,0.00306,WDG+GR+GC+T+BP with AStar,benchmarks/room-64-64-8/scenarios/room-64-64-8-random-5.scen:
room-64-64-8,room-64-64-8-random-6,10,300,0.012203,7,13,4303,12658,803,803,796,803,1,1,0,5,0,0,0,10,0,0.007686,1.3e-05,2.5e-05,3.2e-05,0.000714,0,0.000776,4e-06,0.000367,0.002144,0.002197,0.003095,WDG+GR+GC+T+BP with AStar,benchmarks/room-64-64-8/scenarios/room-64-64-8-random-6.scen:
room-64-64-8,room-64-64-8-random-7,10,300,0.003041,2,5,1844,6210,807,807,802,807,0,0,0,2,0,0,0,3,0,0.001392,6e-06,1.2e-05,0,0.00017,0,0.000144,1e-06,8e-05,0.000612,0.000658,0.003056,WDG+GR+GC+T+BP with AStar,benchmarks/room-64-64-8/scenarios/room-64-64-8-random-7.scen:
room-64-64-8,room-64-64-8-random-8,10,300,0.001469,2,3,1045,3847,595,595,594,595,1,1,0,0,0,0,0,2,0,0.000512,3e-06,8e-06,0,2e-06,0,0.000139,0,5.9e-05,0.000299,0.000304,0.003155,WDG+GR+GC+T+BP with AStar,benchmarks/room-64-64-8/scenarios/room-64-64-8-random-8.scen:
room-64-64-8,room-64-64-8-random-9,10,300,0.005116,4,9,3190,8170,544,544,537,541,0,0,0,4,0,0,0,4,1,0.002073,1e-05,1.4e-05,0,0.000671,0,0.000264,3e-06,0.000225,0.001561,0.001576,0.003074,WDG+GR+GC+T+BP with AStar,benchmarks/room-64-64-8/scenarios/room-64-64-8-random-9.scen:
room-64-64-8,room-64-64-8-random-10,15,300,0.01915,10,21,7248,20829,1050,1050,1038,1048,2,3,0,6,1,0,0,18,2,0.011513,5.2e-05,5.1e-05,1.9e-05,0.001327,0,0.00132,5e-06,0.000539,0.003724,0.003832,0.004592,WDG+GR+GC+T+BP with AStar,benchmarks/room-64-64-8/scenarios/room-64-64-8-random-10.scen:
room-64-64-8,room-64-64-8-random-11,15,300,0.002972,1,3,1410,5055,796,796,794,796,0,0,0,1,0,0,0,2,0,0.001617,4e-06,1.3e-05,0,0.000136,0,0.000109,0,7.2e-05,0.000356,0.00036,0.004695,WDG+GR+GC+T+BP with AStar,benchmarks/room-64-64-8/scenarios/room-64-64-8-random-11.scen:
room-64-64-8,room-64-64-8-random-12,15,300,0.003122,3,7,1679,5727,866,866,860,864,0,0,0,3,0,0,0,7,0,0.001537,8e-06,1.8e-05,0,0.000157,0,0.000123,0,8.9e-05,0.000526,0.000538,0.004555,WDG+GR+GC+T+BP with AStar,benchmarks/room-64-64-8/scenarios/room-64-64-8-random-12.scen:
room-64-64-8,room-64-64-8-random-13,15,300,0.000689,0,1,837,3428,819,819,819,819,0,0,0,0,0,0,0,0,0,0,0,8e-06,0,0,0,0,0,0,0,0,0.004536,WDG+GR+GC+T+BP with AStar,benchmarks/room-64-64-8/scenarios/room-64-64-8-random-13.scen:
room-64-64-8,room-64-64-8-random-14,15,300,0.00871,4,9,3941,10673,974,974,965,972,0,0,0,4,0,0,0,6,0,0.005019,1.3e-05,2.5e-05,0,0.000648,0,0.000467,1e-06,0.000187,0.001609,0.00163,0.004532,WDG+GR+GC+T+BP with AStar,benchmarks/room-64-64-8/scenarios/room-64-64-8-random-14.scen:
room-64-64-8,room-64-64-8-random-15,15,300,0.005523,5,11,3318,10264,880,880,876,879,0,4,0,1,0,0,0,8,0,0.002643,1e-05,2.6e-05,1.2e-05,8.2e-05,0,0.000488,3e-06,0.000245,0.001457,0.001482,0.004542,WDG+GR+GC+T+BP with AStar,benchmarks/room-64-64-8/scenarios/room-64-64-8-random-15.scen:
room-64-64-8,room-64-64-8-random-16,15,300,0.021017,11,23,12254,26102,895,895,881,892,0,3,0,5,3,0,0,11,6,0.011712,3e-05,6.1e-05,2.6e-05,0.001091,0,0.000975,5e-06,0.000595,0.006208,0.006275,0.004541,WDG+GR+GC+T+BP with AStar,benchmarks/room-64-64-8/scenarios/room-64-64-8-random-16.scen:
room-64-64-8,room-64-64-8-random-17,15,300,0.186903,122,243,71649,174536,932,932,921,927,13,64,0,57,0,0,0,155,124,0.105986,0.000293,0.000496,0.001339,0.024096,0,0.008734,9.7e-05,0.007514,0.044094,0.044821,0.004493,WDG+GR+GC+T+BP with AStar,benchmarks/room-64-64-8/scenarios/room-64-64-8-random-17.scen:
room-64-64-8,room-64-64-8-random-18,15,300,0.010312,6,11,3427,10100,935,935,926,933,1,0,1,4,0,0,0,12,0,0.005916,3.3e-05,2.9e-05,7.4e-05,0.001199,0,0.00058,5e-06,0.000249,0.001559,0.001587,0.00456,WDG+GR+GC+T+BP with AStar,benchmarks/room-64-64-8/scenarios/room-64-64-8-random-18.scen:
room-64-64-8,room-64-64-8-random-19,15,300,0.013702,8,17,4338,11519,712,712,706,708,0,6,0,2,0,0,0,16,0,0.008934,1.9e-05,4.1e-05,2.6e-05,0.000961,0,0.000948,5e-06,0.000376,0.002085,0.002131,0.004546,WDG+GR+GC+T+BP with AStar,benchmarks/room-64-64-8/scenarios/room-64-64-8-random-19.scen:
room-64-64-8,room-64-64-8-random-1,15,300,0.002783,5,11,1846,6535,731,731,724,730,0,1,0,2,2,0,0,5,0,0.001026,6e-06,2.3e-05,0,4.4e-05,0,0.00021,4e-06,0.000149,0.000762,0.000785,0.004571,WDG+GR+GC+T+BP with AStar,benchmarks/room-64-64-8/scenarios/room-64-64-8-random-1.scen:
room-64-64-8,room-64-64-8-random-20,15,300,0.029617,12,25,10549,25330,969,969,960,966,0,7,0,5,0,0,0,21,0,0.019255,3.6e-05,6.1e-05,2e-05,0.001742,0,0.002005,6e-06,0.000963,0.005525,0.005593,0.004531,WDG+GR+GC+T+BP with AStar,benchmarks/room-64-64-8/scenarios/room-64-64-8-random-20.scen:
room-64-64-8,room-64-64-8-random-21,15,300,0.000783,0,1,976,4087,949,949,949,949,0,0,0,0,0,0,0,0,0,0,0,9e-06,0,0,0,0,0,0,0,0,0.004493,WDG+GR+GC+T+BP with AStar,benchmarks/room-64-64-8/scenarios/room-64-64-8-random-21.scen:
room-64-64-8,room-64-64-8-random-22,15,300,0.002086,1,3,1663,5307,770,770,768,770,0,0,0,1,0,0,0,1,0,0.000714,2e-06,1.2e-05,0,9.5e-05,0,7.6e-05,0,6.3e-05,0.000497,0.000501,0.004548,WDG+GR+GC+T+BP with AStar,benchmarks/room-64-64-8/scenarios/room-64-64-8-random-22.scen:
room-64-64-8,room-64-64-8-random-23,15,300,0.003878,3,7,2861,8199,881,881,876,880,0,1,0,2,0,0,0,3,0,0.00154,4e-06,1.9e-05,0,0.000129,0,0.00026,1e-06,0.00016,0.001133,0.001146,0.004519,WDG+GR+GC+T+BP with AStar,benchmarks/room-64-64-8/scenarios/room-64-64-8-random-23.scen:
room-64-64-8,room-64-64-8-random-24,15,300,0.031383,13,27,7762,18664,750,750,738,747,0,0,1,12,0,0,0,26,4,0.021096,7.5e-05,5.1e-05,0.000177,0.003419,0,0.001239,5e-06,0.000792,0.004455,0.004529,0.004647,WDG+GR+GC+T+BP with AStar,benchmarks/room-64-64-8/scenarios/room-64-64-8-random-24.scen:
room-64-64-8,room-64-64-8-random-25,15,300,0.005322,4,7,1985,6934,889,889,881,887,2,1,0,2,0,0,0,12,0,0.003092,1.2e-05,2.2e-05,0,0.000346,0,0.000328,2e-06,0.000129,0.000696,0.000713,0.004542,WDG+GR+GC+T+BP with AStar,benchmarks/room-64-64-8/scenarios/room-64-64-8-random-25.scen:
room-64-64-8,room-64-64-8-random-2,15,300,0.002029,2,3,1500,5304,785,785,783,785,2,0,0,1,0,0,0,3,0,0.000712,4e-06,1.6e-05,1.5e-05,5e-05,0,0.000125,0,6.6e-05,0.000383,0.000394,0.004509,WDG+GR+GC+T+BP with AStar,benchmarks/room-64-64-8/scenarios/room-64-64-8-random-2.scen:
room-64-64-8,room-64-64-8-random-3,15,300,0.003176,3,7,2155,7280,838,838,833,837,0,1,0,1,1,0,0,3,0,0.001398,5e-06,1.8e-05,0,4.5e-05,0,0.000158,1e-06,0.000127,0.000771,0.000786,0.004586,WDG+GR+GC+T+BP with AStar,benchmarks/room-64-64-8/scenarios/room-64-64-8-random-3.scen:
room-64-64-8,room-64-64-8-random-4,15,300,0.022043,12,25,10870,23998,928,928,917,924,0,0,2,10,0,0,0,18,2,0.012014,2.6e-05,5.2e-05,8.8e-05,0.001779,0,0.001584,1.7e-05,0.000697,0.005621,0.005684,0.004541,WDG+GR+GC+T+BP with AStar,benchmarks/room-64-64-8/scenarios/room-64-64-8-random-4.scen:
room-64-64-8,room-64-64-8-random-5,15,300,0.013478,2,5,11070,17164,904,904,888,904,0,0,0,1,1,0,0,2,0,0.007121,4e-06,1.9e-05,0,4.3e-05,0,9.7e-05,1e-06,6.6e-05,0.00518,0.00545,0.004542,WDG+GR+GC+T+BP with AStar,benchmarks/room-64-64-8/scenarios/room-64-64-8-random-5.scen:
room-64-64-8,room-64-64-8-random-6,15,300,0.012125,9,17,5494,16507,1058,1058,1049,1058,1,2,0,6,0,0,0,10,0,0.007092,1.7e-05,4.3e-05,2.1e-05,0.00048,0,0.000704,4e-06,0.000429,0.002732,0.00282,0.004559,WDG+GR+GC+T+BP with AStar,benchmarks/room-64-64-8/scenarios/room-64-64-8-random-6.scen:
room-64-64-8,room-64-64-8-random-7,15,300,0.012849,6,13,5236,14952,1163,1163,1154,1162,0,3,0,3,0,0,0,13,0,0.007299,4.7e-05,3.7e-05,0,0.00107,0,0.000792,4e-06,0.000366,0.00247,0.002555,0.004723,WDG+GR+GC+T+BP with AStar,benchmarks/room-64-64-8/scenarios/room-64-64-8-random-7.scen:
room-64-64-8,room-64-64-8-random-8,15,300,0.009065,4,7,5178,11527,897,897,887,894,1,1,0,1,1,0,0,8,0,0.004927,1.2e-05,2.5e-05,0,0.000305,0,0.000709,1e-06,0.000249,0.002262,0.002283,0.004613,WDG+GR+GC+T+BP with AStar,benchmarks/room-64-64-8/scenarios/room-64-64-8-random-8.scen:
room-64-64-8,room-64-64-8-random-9,15,300,0.028044,8,17,12630,24557,877,877,852,871,0,3,0,3,2,0,0,20,0,0.017306,9.8e-05,3.8e-05,6e-06,0.002257,0,0.001288,2e-06,0.00055,0.006136,0.006215,0.00472,WDG+GR+GC+T+BP with AStar,benchmarks/room-64-64-8/scenarios/room-64-64-8-random-9.scen:
room-64-64-8,room-64-64-8-random-10,20,300,0.030177,19,39,11467,32816,1386,1386,1371,1384,3,10,0,8,1,0,0,32,7,0.017386,0.000104,0.000108,3.2e-05,0.002847,0,0.00203,8e-06,0.000801,0.006131,0.00631,0.006076,WDG+GR+GC+T+BP with AStar,benchmarks/room-64-64-8/scenarios/room-64-64-8-random-10.scen:
room-64-64-8,room-64-64-8-random-11,20,300,0.006334,5,11,3640,11047,1121,1121,1112,1120,0,0,1,3,1,0,0,7,0,0.003156,1.4e-05,3.8e-05,6.1e-05,0.000226,0,0.000321,4e-06,0.000172,0.00145,0.00148,0.006195,WDG+GR+GC+T+BP with AStar,benchmarks/room-64-64-8/scenarios/room-64-64-8-random-11.scen:
room-64-64-8,room-64-64-8-random-12,20,300,0.033234,25,51,10842,28023,1202,1202,1187,1197,0,5,0,19,1,0,0,39,9,0.020248,0.000123,0.000139,6.8e-05,0.003694,0,0.001697,8e-06,0.000887,0.006054,0.006228,0.006065,WDG+GR+GC+T+BP with AStar,benchmarks/room-64-64-8/scenarios/room-64-64-8-random-12.scen:
room-64-64-8,room-64-64-8-random-13,20,300,0.017961,8,17,4985,14754,1052,1052,1044,1049,3,4,0,4,0,0,0,21,0,0.012143,3.2e-05,5.5e-05,7.2e-05,0.001411,0,0.000862,5e-06,0.000414,0.002388,0.002445,0.006183,WDG+GR+GC+T+BP with AStar,benchmarks/room-64-64-8/scenarios/room-64-64-8-random-13.scen:
room-64-64-8,room-64-64-8-random-14,20,300,0.056478,22,45,18327,44092,1355,1355,1339,1353,0,7,0,15,0,0,0,34,9,0.037743,0.000242,0.000116,0.00018,0.004041,0,0.003076,1.3e-05,0.001149,0.009642,0.009789,0.006116,WDG+GR+GC+T+BP with AStar,benchmarks/room-64-64-8/scenarios/room-64-64-8-random-14.scen:
room-64-64-8,room-64-64-8-random-15,20,300,0.016221,7,15,5898,16251,1166,1166,1154,1165,1,3,0,3,1,0,0,17,0,0.010305,2.7e-05,4.9e-05,1.4e-05,0.001054,0,0.000882,4e-06,0.000423,0.002775,0.002823,0.006094,WDG+GR+GC+T+BP with AStar,benchmarks/room-64-64-8/scenarios/room-64-64-8-random-15.scen:
room-64-64-8,room-64-64-8-random-16,20,300,0.032774,23,47,23345,50273,1129,1129,1111,1124,4,6,0,11,6,0,0,18,17,0.015088,8.2e-05,0.000145,4.6e-05,0.00249,0,0.001324,1.8e-05,0.001145,0.012364,0.012543,0.005993,WDG+GR+GC+T+BP with AStar,benchmarks/room-64-64-8/scenarios/room-64-64-8-random-16.scen:
room-64-64-8,room-64-64-8-random-17,20,300,0.229804,145,289,91409,223159,1165,1165,1152,1160,37,61,0,83,0,0,0,179,136,0.130336,0.000517,0.0007,0.001302,0.031277,0,0.009907,8.1e-05,0.007452,0.053545,0.054572,0.0062,WDG+GR+GC+T+BP with AStar,benchmarks/room-64-64-8/scenarios/room-64-64-8-random-17.scen:
room-64-64-8,room-64-64-8-random-18,20,300,0.013021,7,13,4725,13376,1209,1209,1199,1207,2,0,0,6,0,0,0,17,0,0.007541,5.8e-05,5e-05,7.1e-05,0.001356,0,0.000762,3e-06,0.000199,0.002018,0.002065,0.006022,WDG+GR+GC+T+BP with AStar,benchmarks/room-64-64-8/scenarios/room-64-64-8-random-18.scen:
room-64-64-8,room-64-64-8-random-19,20,300,0.059278,59,119,25442,69484,1024,1024,1015,1020,0,36,3,20,0,0,0,72,49,0.034564,0.00019,0.000261,0.00042,0.004906,0,0.00318,5.2e-05,0.001967,0.014411,0.014744,0.006043,WDG+GR+GC+T+BP with AStar,benchmarks/room-64-64-8/scenarios/room-64-64-8-random-19.scen:
room-64-64-8,room-64-64-8-random-1,20,300,0.004525,6,13,3052,10056,1055,1055,1044,1052,0,0,1,3,2,0,0,8,0,0.001838,1.5e-05,3.4e-05,4.7e-05,9.2e-05,0,0.000285,5e-06,0.000162,0.001221,0.001257,0.00605,WDG+GR+GC+T+BP with AStar,benchmarks/room-64-64-8/scenarios/room-64-64-8-random-1.scen:
room-64-64-8,room-64-64-8-random-20,20,300,0.15371,183,367,104795,248514,1168,1168,1149,1161,0,76,0,107,0,0,0,74,196,0.056179,0.000695,0.000834,0.001053,0.027065,0,0.005303,8.6e-05,0.00625,0.060165,0.061387,0.00591,WDG+GR+GC+T+BP with AStar,benchmarks/room-64-64-8/scenarios/room-64-64-8-random-20.scen:
room-64-64-8,room-64-64-8-random-21,20,300,0.004466,3,5,2645,9196,1416,1416,1413,1416,1,1,0,1,0,0,0,4,0,0.002111,7e-06,3e-05,1.5e-05,0.000136,0,0.000289,2e-06,0.000138,0.000705,0.00072,0.005988,WDG+GR+GC+T+BP with AStar,benchmarks/room-64-64-8/scenarios/room-64-64-8-random-21.scen:
room-64-64-8,room-64-64-8-random-22,20,300,0.002308,1,3,1960,6588,1061,1061,1059,1061,0,0,0,1,0,0,0,1,0,0.000699,2e-06,1.8e-05,0,9.6e-05,0,7.3e-05,0,6.4e-05,0.000494,0.0005,0.006049,WDG+GR+GC+T+BP with AStar,benchmarks/room-64-64-8/scenarios/room-64-64-8-random-22.scen:
room-64-64-8,room-64-64-8-random-23,20,300,0.008105,5,11,4908,12736,1154,1154,1143,1151,0,1,0,3,1,0,0,6,0,0.004116,1.1e-05,3.5e-05,0,0.000243,0,0.000528,2e-06,0.000251,0.002124,0.002155,0.006075,WDG+GR+GC+T+BP with AStar,benchmarks/room-64-64-8/scenarios/room-64-64-8-random-23.scen:
room-64-64-8,room-64-64-8-random-24,20,300,0.053546,22,45,14311,33624,1033,1033,1018,1027,2,4,0,18,0,0,0,43,13,0.035159,0.000131,0.000105,0.000302,0.006623,0,0.002013,9e-06,0.001207,0.00804,0.008176,0.006035,WDG+GR+GC+T+BP with AStar,benchmarks/room-64-64-8/scenarios/room-64-64-8-random-24.scen:
room-64-64-8,room-64-64-8-random-25,20,300,0.088752,68,135,44322,105324,1393,1393,1372,1387,9,17,2,48,0,0,0,47,64,0.044405,0.000426,0.000335,0.000373,0.012354,0,0.003365,3.7e-05,0.003027,0.025649,0.026126,0.006128,WDG+GR+GC+T+BP with AStar,benchmarks/room-64-64-8/scenarios/room-64-64-8-random-25.scen:
room-64-64-8,room-64-64-8-random-2,20,300,0.008345,6,11,3881,12190,1175,1175,1167,1174,2,2,0,2,1,0,0,10,0,0.004819,2.2e-05,4.1e-05,1.5e-05,0.000313,0,0.000348,3e-06,0.000208,0.001642,0.001683,0.006059,WDG+GR+GC+T+BP with AStar,benchmarks/room-64-64-8/scenarios/room-64-64-8-random-2.scen:
room-64-64-8,room-64-64-8-random-3,20,300,0.011998,7,15,6926,18199,1244,1244,1235,1241,0,1,0,5,1,0,0,8,2,0.005873,2.9e-05,4.7e-05,3e-05,0.001146,0,0.00055,2e-06,0.000314,0.003125,0.003196,0.006261,WDG+GR+GC+T+BP with AStar,benchmarks/room-64-64-8/scenarios/room-64-64-8-random-3.scen:
room-64-64-8,room-64-64-8-random-4,20,300,0.134126,28,55,35592,66832,1204,1204,1162,1189,2,7,0,19,1,0,0,52,15,0.099112,0.000191,0.000153,0.000295,0.007494,0,0.006914,2.6e-05,0.001717,0.018557,0.018763,0.006071,WDG+GR+GC+T+BP with AStar,benchmarks/room-64-64-8/scenarios/room-64-64-8-random-4.scen:
room-64-64-8,room-64-64-8-random-5,20,300,0.144705,10,19,44322,62544,1280,1280,1237,1262,1,3,0,4,2,0,0,18,0,0.106915,5.1e-05,6.5e-05,4.9e-05,0.002919,0,0.012307,8e-06,0.00069,0.02021,0.021239,0.005945,WDG+GR+GC+T+BP with AStar,benchmarks/room-64-64-8/scenarios/room-64-64-8-random-5.scen:
room-64-64-8,room-64-64-8-random-6,20,300,0.012944,8,15,4703,14744,1301,1301,1292,1301,1,1,0,6,0,0,0,10,0,0.007994,1.9e-05,4.7e-05,2.1e-05,0.000953,0,0.000698,4e-06,0.000265,0.001981,0.00205,0.006083,WDG+GR+GC+T+BP with AStar,benchmarks/room-64-64-8/scenarios/room-64-64-8-random-6.scen:
room-64-64-8,room-64-64-8-random-7,20,300,0.015551,8,15,8151,21503,1500,1500,1488,1498,1,3,0,4,0,0,0,17,0,0.008739,3.6e-05,5.7e-05,4.8e-05,0.000756,0,0.000968,5e-06,0.000285,0.00346,0.003602,0.005991,WDG+GR+GC+T+BP with AStar,benchmarks/room-64-64-8/scenarios/room-64-64-8-random-7.scen:
room-64-64-8,room-64-64-8-random-8,20,300,0.037301,12,23,19817,35632,1266,1266,1221,1251,2,4,0,4,3,0,0,19,2,0.021764,0.000776,7.4e-05,0.000115,0.001604,0,0.001951,1.2e-05,0.000781,0.009813,0.009895,0.006191,WDG+GR+GC+T+BP with AStar,benchmarks/room-64-64-8/scenarios/room-64-64-8-random-8.scen:
room-64-64-8,room-64-64-8-random-9,20,300,0.363011,105,211,110261,235782,1139,1139,1110,1131,13,53,8,42,2,0,0,186,106,0.236518,0.000449,0.0006,0.003502,0.035442,0,0.015859,0.000177,0.008256,0.064591,0.06605,0.005956,WDG+GR+GC+T+BP with AStar,benchmarks/room-64-64-8/scenarios/room-64-64-8-random-9.scen:
room-64-64-8,room-64-64-8-random-10,25,300,0.12302,67,133,40744,102426,1667,1667,1644,1661,22,18,0,47,1,0,0,85,51,0.0712,0.000574,0.000457,0.000757,0.017245,0,0.005847,4.7e-05,0.003667,0.024348,0.024989,0.007759,WDG+GR+GC+T+BP with AStar,benchmarks/room-64-64-8/scenarios/room-64-64-8-random-10.scen:
room-64-64-8,room-64-64-8-random-11,25,300,0.203906,121,243,73914,175573,1425,1425,1397,1417,1,67,8,44,2,0,0,107,136,0.110921,0.000648,0.000609,0.001466,0.036931,0,0.007965,7.8e-05,0.005498,0.042786,0.043604,0.007649,WDG+GR+GC+T+BP with AStar,benchmarks/room-64-64-8/scenarios/room-64-64-8-random-11.scen:
room-64-64-8,room-64-64-8-random-12,25,300,0.057967,58,117,24113,61769,1507,1507,1489,1502,1,13,5,39,1,0,0,48,76,0.027019,0.000307,0.00029,0.000383,0.010845,0,0.002694,3.5e-05,0.001895,0.014497,0.01491,0.007639,WDG+GR+GC+T+BP with AStar,benchmarks/room-64-64-8/scenarios/room-64-64-8-random-12.scen:
room-64-64-8,room-64-64-8-random-13,25,300,0.107655,120,241,70471,180421,1331,1331,1315,1326,23,64,0,56,0,0,0,68,121,0.042563,0.000477,0.000666,0.001154,0.015321,0,0.004313,7.9e-05,0.005118,0.040822,0.041828,0.007567,WDG+GR+GC+T+BP with AStar,benchmarks/room-64-64-8/scenarios/room-64-64-8-random-13.scen:
room-64-64-8,room-64-64-8-random-14,25,300,0.097216,37,73,30449,70098,1603,1603,1583,1599,2,6,0,30,0,0,0,58,25,0.059255,0.000418,0.000231,0.001065,0.011781,0,0.00558,2.2e-05,0.00191,0.016902,0.017207,0.007679,WDG+GR+GC+T+BP with AStar,benchmarks/room-64-64-8/scenarios/room-64-64-8-random-14.scen:
room-64-64-8,room-64-64-8-random-15,25,300,0.028419,26,53,13437,38478,1425,1425,1409,1422,7,12,0,8,6,0,0,29,18,0.01541,9.4e-05,0.000177,0.000132,0.001813,0,0.001747,1.7e-05,0.001033,0.007448,0.007651,0.007662,WDG+GR+GC+T+BP with AStar,benchmarks/room-64-64-8/scenarios/room-64-64-8-random-15.scen:
room-64-64-8,room-64-64-8-random-16,25,300,0.09017,59,117,53016,113583,1478,1478,1455,1470,5,17,8,18,15,0,0,43,60,0.040524,0.000305,0.000334,0.000448,0.013027,0,0.003309,5.7e-05,0.002899,0.030023,0.030505,0.007462,WDG+GR+GC+T+BP with AStar,benchmarks/room-64-64-8/scenarios/room-64-64-8-random-16.scen:
room-64-64-8,room-64-64-8-random-17,25,300,0.432936,249,497,184126,429407,1533,1533,1513,1523,54,60,7,181,0,0,0,253,436,0.21692,0.001832,0.001549,0.004573,0.078857,0,0.013288,0.000172,0.013371,0.110843,0.113729,0.007665,WDG+GR+GC+T+BP with AStar,benchmarks/room-64-64-8/scenarios/room-64-64-8-random-17.scen:
room-64-64-8,room-64-64-8-random-18,25,300,0.180915,41,81,42525,87771,1676,1676,1657,1670,8,13,1,23,3,0,0,103,17,0.129773,0.000467,0.000289,0.000768,0.013455,0,0.009959,2.2e-05,0.003837,0.024048,0.024473,0.007526,WDG+GR+GC+T+BP with AStar,benchmarks/room-64-64-8/scenarios/room-64-64-8-random-18.scen:
room-64-64-8,room-64-64-8-random-19,25,300,0.253422,314,629,136416,347211,1308,1308,1292,1301,18,194,12,107,1,0,0,185,522,0.10486,0.001397,0.001526,0.002788,0.047929,0,0.008252,0.000241,0.010647,0.082246,0.084467,0.007542,WDG+GR+GC+T+BP with AStar,benchmarks/room-64-64-8/scenarios/room-64-64-8-random-19.scen:
room-64-64-8,room-64-64-8-random-1,25,300,0.026533,17,33,12564,34193,1444,1444,1423,1437,1,0,1,10,5,0,0,28,6,0.014127,9.8e-05,0.000125,0.000187,0.001509,0,0.00227,1.2e-05,0.000792,0.006638,0.006775,0.007598,WDG+GR+GC+T+BP with AStar,benchmarks/room-64-64-8/scenarios/room-64-64-8-random-1.scen:
room-64-64-8,room-64-64-8-random-20,25,300,0.231568,270,541,148990,346403,1480,1480,1460,1472,6,123,0,147,0,0,0,92,372,0.079442,0.001169,0.001368,0.001306,0.050578,0,0.006876,0.000161,0.009081,0.087078,0.089057,0.007494,WDG+GR+GC+T+BP with AStar,benchmarks/room-64-64-8/scenarios/room-64-64-8-random-20.scen:
room-64-64-8,room-64-64-8-random-21,25,300,0.009389,5,9,4468,14288,1720,1720,1712,1719,2,1,0,3,0,0,0,10,0,0.005314,1.9e-05,5.8e-05,5.4e-05,0.000294,0,0.000514,2e-06,0.000214,0.001587,0.001628,0.007436,WDG+GR+GC+T+BP with AStar,benchmarks/room-64-64-8/scenarios/room-64-64-8-random-21.scen:
room-64-64-8,room-64-64-8-random-22,25,300,0.037226,4,9,22594,36324,1451,1451,1419,1433,0,0,0,2,2,0,0,10,0,0.022257,3.6e-05,5.1e-05,0,0.000861,0,0.002257,4e-06,0.00037,0.010237,0.010498,0.007497,WDG+GR+GC+T+BP with AStar,benchmarks/room-64-64-8/scenarios/room-64-64-8-random-22.scen:
room-64-64-8,room-64-64-8-random-23,25,300,0.021437,26,53,15281,38469,1391,1391,1376,1386,4,5,0,12,9,0,0,14,13,0.008325,6.7e-05,0.00015,0,0.002177,0,0.001071,1.3e-05,0.000934,0.008188,0.008371,0.007633,WDG+GR+GC+T+BP with AStar,benchmarks/room-64-64-8/scenarios/room-64-64-8-random-23.scen:
room-64-64-8,room-64-64-8-random-24,25,300,3.02989,2066,4131,1513336,3105443,1346,1346,1316,1330,211,805,99,1157,4,0,0,1064,4281,1.15247,0.014512,0.011256,0.054756,0.827134,0,0.065625,0.001763,0.09216,0.869327,0.886676,0.007542,WDG+GR+GC+T+BP with AStar,benchmarks/room-64-64-8/scenarios/room-64-64-8-random-24.scen:
room-64-64-8,room-64-64-8-random-25,25,300,0.974079,535,1069,419354,945947,1612,1612,1585,1603,111,165,20,317,32,0,0,304,1098,0.471429,0.003914,0.003285,0.015849,0.188877,0,0.027315,0.000417,0.029685,0.254229,0.25922,0.007487,WDG+GR+GC+T+BP with AStar,benchmarks/room-64-64-8/scenarios/room-64-64-8-random-25.scen:
room-64-64-8,room-64-64-8-random-2,25,300,0.273634,197,395,129920,287610,1447,1447,1422,1436,15,75,0,113,9,0,0,121,245,0.116284,0.000979,0.001034,0.000839,0.062053,0,0.009962,0.000141,0.007101,0.079031,0.080543,0.007549,WDG+GR+GC+T+BP with AStar,benchmarks/room-64-64-8/scenarios/room-64-64-8-random-2.scen:
room-64-64-8,room-64-64-8-random-3,25,300,0.072982,38,77,28780,69768,1505,1505,1489,1499,4,14,0,23,1,0,0,42,31,0.039788,0.000197,0.000234,0.000913,0.01162,0,0.002904,2.4e-05,0.001719,0.015497,0.01581,0.007499,WDG+GR+GC+T+BP with AStar,benchmarks/room-64-64-8/scenarios/room-64-64-8-random-3.scen:
room-64-64-8,room-64-64-8-random-4,25,300,8.45403,1888,3758,4903458,6894028,1463,1463,1414,1443,446,1038,44,786,20,0,0,3829,2192,3.50121,0.009645,0.014007,0.109251,0.47503,0,0.223435,0.002767,0.309768,4.02607,4.04611,0.007539,WDG+GR+GC+T+BP with AStar,benchmarks/room-64-64-8/scenarios/room-64-64-8-random-4.scen:
room-64-64-8,room-64-64-8-random-5,25,300,2.48108,509,1019,2169361,2917469,1690,1690,1634,1665,58,248,0,260,1,0,0,189,837,1.21315,0.002894,0.003623,0.012271,0.14314,0,0.09606,0.00052,0.024037,0.951314,1.00647,0.007438,WDG+GR+GC+T+BP with AStar,benchmarks/room-64-64-8/scenarios/room-64-64-8-random-5.scen:
room-64-64-8,room-64-64-8-random-6,25,300,0.042056,15,29,9616,29683,1631,1631,1618,1629,1,6,0,8,0,0,0,36,2,0.029108,0.000118,0.000108,6.5e-05,0.003097,0,0.002828,1.2e-05,0.000856,0.004988,0.005167,0.007528,WDG+GR+GC+T+BP with AStar,benchmarks/room-64-64-8/scenarios/room-64-64-8-random-6.scen:
room-64-64-8,room-64-64-8-random-7,25,300,0.18729,90,181,69939,163891,1772,1772,1752,1765,0,34,0,56,0,0,0,77,87,0.093174,0.00084,0.00053,0.000874,0.041752,0,0.006623,4.2e-05,0.004563,0.040522,0.041727,0.007513,WDG+GR+GC+T+BP with AStar,benchmarks/room-64-64-8/scenarios/room-64-64-8-random-7.scen:
room-64-64-8,room-64-64-8-random-8,25,300,0.090924,40,79,54684,98431,1500,1500,1443,1476,3,7,1,25,6,0,0,43,29,0.044862,0.000249,0.000245,0.000405,0.007297,0,0.006541,3.2e-05,0.002588,0.029496,0.029831,0.007825,WDG+GR+GC+T+BP with AStar,benchmarks/room-64-64-8/scenarios/room-64-64-8-random-8.scen:
room-64-64-8,room-64-64-8-random-9,25,300,1.07537,359,717,705215,1141973,1476,1476,1442,1465,18,121,18,216,3,0,0,326,544,0.519547,0.002029,0.002248,0.007785,0.165783,0,0.031554,0.000559,0.029113,0.331997,0.337563,0.007577,WDG+GR+GC+T+BP with AStar,benchmarks/room-64-64-8/scenarios/room-64-64-8-random-9.scen:
room-64-64-8,room-64-64-8-random-10,30,300,0.883385,625,1249,416489,960509,2007,2007,1972,1995,109,220,57,346,1,0,0,416,1012,0.3819,0.007586,0.004496,0.011652,0.181458,0,0.023587,0.000537,0.032388,0.259863,0.26638,0.009285,WDG+GR+GC+T+BP with AStar,benchmarks/room-64-64-8/scenarios/room-64-64-8-random-10.scen:
room-64-64-8,room-64-64-8-random-11,30,300,0.965347,257,515,389727,661738,1809,1809,1765,1796,12,95,20,133,9,0,0,248,446,0.564147,0.002089,0.001783,0.011699,0.11372,0,0.040276,0.000217,0.020487,0.226621,0.229066,0.008911,WDG+GR+GC+T+BP with AStar,benchmarks/room-64-64-8/scenarios/room-64-64-8-random-11.scen:
room-64-64-8,room-64-64-8-random-12,30,300,0.48343,330,659,249392,545817,1775,1775,1747,1766,157,96,25,193,15,0,0,250,517,0.233311,0.002056,0.002619,0.004748,0.062321,0,0.02446,0.000224,0.016753,0.148375,0.152058,0.008995,WDG+GR+GC+T+BP with AStar,benchmarks/room-64-64-8/scenarios/room-64-64-8-random-12.scen:
room-64-64-8,room-64-64-8-random-13,30,300,18.0215,13487,26975,10080934,22748865,1659,1659,1628,1646,2426,7068,346,6073,0,0,0,6971,28203,7.38745,0.070725,0.093933,0.454864,3.31584,0,0.429367,0.016299,0.726458,5.95531,6.1043,0.009102,WDG+GR+GC+T+BP with AStar,benchmarks/room-64-64-8/scenarios/room-64-64-8-random-13.scen:
room-64-64-8,room-64-64-8-random-14,30,300,0.995573,180,357,539729,706672,1957,1957,1880,1950,8,27,5,145,2,0,0,157,178,0.397911,0.00284,0.001294,0.003698,0.051515,0,0.011053,9.3e-05,0.032855,0.523582,0.52529,0.009188,WDG+GR+GC+T+BP with AStar,benchmarks/room-64-64-8/scenarios/room-64-64-8-random-14.scen:
room-64-64-8,room-64-64-8-random-15,30,300,0.218933,143,287,84585,212160,1650,1650,1626,1643,37,42,1,82,18,0,0,127,170,0.109578,0.000921,0.001029,0.001761,0.042897,0,0.007753,8.8e-05,0.006884,0.05183,0.053227,0.009128,WDG+GR+GC+T+BP with AStar,benchmarks/room-64-64-8/scenarios/room-64-64-8-random-15.scen:
room-64-64-8,room-64-64-8-random-16,30,300,2.61376,1355,2711,1102355,2507072,1897,1897,1865,1882,173,982,50,254,69,0,0,1519,2332,1.4735,0.007306,0.009907,0.049119,0.287077,0,0.088692,0.001478,0.084831,0.664509,0.677873,0.008933,WDG+GR+GC+T+BP with AStar,benchmarks/room-64-64-8/scenarios/room-64-64-8-random-16.scen:
room-64-64-8,room-64-64-8-random-17,30,300,9.0763,5581,11161,4801958,10394333,1930,1930,1903,1914,757,3224,209,2147,0,0,0,3208,11787,3.69418,0.027929,0.04122,0.155424,2.01517,0,0.223555,0.004697,0.31522,2.80345,2.86956,0.009083,WDG+GR+GC+T+BP with AStar,benchmarks/room-64-64-8/scenarios/room-64-64-8-random-17.scen:
room-64-64-8,room-64-64-8-random-18,30,300,0.400281,95,189,105064,197329,1946,1946,1896,1939,8,21,4,62,7,0,0,208,82,0.265942,0.001137,0.000692,0.001588,0.038071,0,0.029596,6.5e-05,0.006952,0.059848,0.061008,0.009227,WDG+GR+GC+T+BP with AStar,benchmarks/room-64-64-8/scenarios/room-64-64-8-random-18.scen:
room-64-64-8,room-64-64-8-random-19,30,300,2.60246,3041,6083,1591981,3715856,1649,1649,1601,1631,257,1957,81,832,171,0,0,1126,7599,0.868376,0.018253,0.019288,0.044402,0.573584,0,0.057222,0.002827,0.113453,0.969873,0.998808,0.008955,WDG+GR+GC+T+BP with AStar,benchmarks/room-64-64-8/scenarios/room-64-64-8-random-19.scen:
room-64-64-8,room-64-64-8-random-1,30,300,0.054078,35,71,23013,56413,1664,1664,1639,1655,0,1,0,27,7,0,0,46,13,0.029534,0.000255,0.000241,4.7e-05,0.005343,0,0.00362,1.4e-05,0.001567,0.013068,0.013348,0.009054,WDG+GR+GC+T+BP with AStar,benchmarks/room-64-64-8/scenarios/room-64-64-8-random-1.scen:
room-64-64-8,room-64-64-8-random-20,30,300,1.27273,1011,2023,705879,1576454,1770,1770,1727,1760,73,544,1,465,1,0,0,428,1483,0.529561,0.005093,0.006538,0.012496,0.251567,0,0.043034,0.000787,0.046514,0.411931,0.420939,0.008977,WDG+GR+GC+T+BP with AStar,benchmarks/room-64-64-8/scenarios/room-64-64-8-random-20.scen:
room-64-64-8,room-64-64-8-random-21,30,300,0.017455,15,29,8689,26259,2011,2011,1998,2009,3,2,6,6,0,0,0,21,6,0.009032,8.3e-05,0.000136,0.000373,0.000452,0,0.001177,1.2e-05,0.000592,0.004194,0.004349,0.008923,WDG+GR+GC+T+BP with AStar,benchmarks/room-64-64-8/scenarios/room-64-64-8-random-21.scen:
room-64-64-8,room-64-64-8-random-22,30,300,0.041615,4,9,21577,35397,1686,1686,1652,1668,0,0,0,2,2,0,0,12,0,0.027262,3.9e-05,6.2e-05,0,0.000514,0,0.002229,2e-06,0.000385,0.009747,0.01001,0.009026,WDG+GR+GC+T+BP with AStar,benchmarks/room-64-64-8/scenarios/room-64-64-8-random-22.scen:
room-64-64-8,room-64-64-8-random-23,30,300,0.198445,190,381,126240,312827,1801,1801,1779,1793,30,86,0,81,23,0,0,45,324,0.044416,0.00088,0.001297,0.001585,0.064711,0,0.003879,0.000107,0.007095,0.077919,0.080042,0.008957,WDG+GR+GC+T+BP with AStar,benchmarks/room-64-64-8/scenarios/room-64-64-8-random-23.scen:
room-64-64-8,room-64-64-8-random-24,30,300,32.4355,20294,40579,17223599,33519501,1654,1654,1616,1633,1579,6966,1055,12203,70,0,0,6787,57755,9.30567,0.168203,0.136021,0.725456,11.2027,0,0.413233,0.02109,0.974446,9.92378,10.1336,0.009474,WDG+GR+GC+T+BP with AStar,benchmarks/room-64-64-8/scenarios/room-64-64-8-random-24.scen:
room-64-64-8,room-64-64-8-random-25,30,300,31.4005,3691,7332,16013570,19872764,1933,1933,1876,1918,774,1463,70,1730,427,0,0,3706,7329,7.20444,0.028691,0.029256,0.239338,1.5978,0,0.341127,0.004135,1.83899,21.856,21.8992,0.009264,WDG+GR+GC+T+BP with AStar,benchmarks/room-64-64-8/scenarios/room-64-64-8-random-25.scen:
room-64-64-8,room-64-64-8-random-2,30,300,3.09049,3852,7703,2315065,5258046,1688,1688,1655,1672,892,2504,42,1291,14,0,0,843,7106,0.819233,0.018433,0.025079,0.060644,0.612383,0,0.046859,0.004209,0.147105,1.43877,1.47494,0.009193,WDG+GR+GC+T+BP with AStar,benchmarks/room-64-64-8/scenarios/room-64-64-8-random-2.scen:
room-64-64-8,room-64-64-8-random-3,30,300,0.108861,109,219,45557,128347,1712,1712,1693,1704,12,49,14,45,1,0,0,58,104,0.050283,0.00065,0.000705,0.001295,0.020994,0,0.003371,9.1e-05,0.004068,0.02874,0.029705,0.009096,WDG+GR+GC+T+BP with AStar,benchmarks/room-64-64-8/scenarios/room-64-64-8-random-3.scen:
room-64-64-8,room-64-64-8-random-4,30,300,3.41643,1097,2193,1382159,2462332,1687,1687,1636,1667,202,425,41,628,3,0,0,1761,1679,1.8062,0.009028,0.008806,0.046942,0.41281,0,0.125511,0.001402,0.108584,0.962599,0.975015,0.009119,WDG+GR+GC+T+BP with AStar,benchmarks/room-64-64-8/scenarios/room-64-64-8-random-4.scen:
room-64-64-8,room-64-64-8-random-5,30,300,234.953,47589,95179,340013805,427490674,2003,2003,1936,1970,8598,31480,619,15488,2,0,0,8500,120042,58.7017,0.242353,0.451758,1.61699,18.4233,0,3.17034,0.087805,2.27017,142.288,151.263,0.009109,WDG+GR+GC+T+BP with AStar,benchmarks/room-64-64-8/scenarios/room-64-64-8-random-5.scen:
room-64-64-8,room-64-64-8-random-6,30,300,0.170869,46,91,37617,98673,1953,1953,1936,1947,5,14,0,31,0,0,0,85,41,0.117947,0.000419,0.000368,0.000854,0.021383,0,0.006043,2.4e-05,0.00288,0.021407,0.021942,0.009246,WDG+GR+GC+T+BP with AStar,benchmarks/room-64-64-8/scenarios/room-64-64-8-random-6.scen:
room-64-64-8,room-64-64-8-random-7,30,300,0.958582,573,1145,467882,1042677,2177,2177,2152,2167,17,220,14,338,0,0,0,262,931,0.361695,0.005267,0.004182,0.009445,0.27084,0,0.020643,0.000432,0.02693,0.271992,0.281905,0.009079,WDG+GR+GC+T+BP with AStar,benchmarks/room-64-64-8/scenarios/room-64-64-8-random-7.scen:
room-64-64-8,room-64-64-8-random-8,30,300,0.435888,203,405,212864,421238,1864,1864,1803,1838,24,93,9,86,14,0,0,149,243,0.220981,0.001212,0.001447,0.004388,0.058971,0,0.022653,0.000194,0.012881,0.121528,0.123594,0.009099,WDG+GR+GC+T+BP with AStar,benchmarks/room-64-64-8/scenarios/room-64-64-8-random-8.scen:
room-64-64-8,room-64-64-8-random-9,30,300,1.82082,778,1557,1411185,2268330,1716,1716,1677,1702,24,277,29,463,9,0,0,450,1347,0.705723,0.005264,0.005356,0.015473,0.344378,0,0.045282,0.000992,0.058449,0.672882,0.684283,0.009168,WDG+GR+GC+T+BP with AStar,benchmarks/room-64-64-8/scenarios/room-64-64-8-random-9.scen:
room-64-64-8,room-64-64-8-random-10,35,300,1.34235,968,1935,610542,1420191,2198,2198,2160,2186,188,340,128,498,1,0,0,559,1770,0.55676,0.013271,0.007981,0.025574,0.291621,0,0.033411,0.001105,0.046833,0.388615,0.400352,0.010568,WDG+GR+GC+T+BP with AStar,benchmarks/room-64-64-8/scenarios/room-64-64-8-random-10.scen:
room-64-64-8,room-64-64-8-random-11,35,300,13.6587,4812,9625,9764723,15166951,2160,2160,2101,2142,229,1789,410,2380,233,0,0,1896,11215,3.74968,0.042988,0.04084,0.544573,2.73993,0,0.237478,0.007337,0.46038,6.12888,6.18836,0.01042,WDG+GR+GC+T+BP with AStar,benchmarks/room-64-64-8/scenarios/room-64-64-8-random-11.scen:
room-64-64-8,room-64-64-8-random-12,35,300,1.32949,1183,2365,896802,2014779,1961,1961,1928,1952,639,602,40,485,55,0,0,667,2425,0.466883,0.008017,0.011377,0.03574,0.1846,0,0.037508,0.001253,0.06259,0.558909,0.575523,0.010768,WDG+GR+GC+T+BP with AStar,benchmarks/room-64-64-8/scenarios/room-64-64-8-random-12.scen:
room-64-64-8,room-64-64-8-random-13,35,300,71.6238,41266,82531,32731698,72094083,1992,1992,1958,1979,6427,20231,775,20259,0,0,0,24219,114284,29.5304,0.270302,0.344245,1.9323,16.4167,0,1.57053,0.060233,2.59743,19.963,20.515,0.01051,WDG+GR+GC+T+BP with AStar,benchmarks/room-64-64-8/scenarios/room-64-64-8-random-13.scen:
room-64-64-8,room-64-64-8-random-14,35,300,45.0417,26705,53408,24312358,52228190,2318,2318,2230,2302,1746,9175,1094,16395,40,0,0,8827,72205,13.1447,0.241657,0.22525,1.1327,13.8166,0,0.545924,0.031602,1.54072,15.1641,15.4932,0.010622,WDG+GR+GC+T+BP with AStar,benchmarks/room-64-64-8/scenarios/room-64-64-8-random-14.scen:
room-64-64-8,room-64-64-8-random-15,35,300,18.4715,9671,19343,7247225,16642536,1966,1966,1933,1953,4804,3638,255,4165,1613,0,0,4859,21137,7.41797,0.063402,0.087348,0.38956,5.16445,0,0.349507,0.013137,0.606529,4.68786,4.81488,0.010826,WDG+GR+GC+T+BP with AStar,benchmarks/room-64-64-8/scenarios/room-64-64-8-random-15.scen:
room-64-64-8,room-64-64-8-random-16,35,300,209.701,123540,247081,119888185,250035416,2276,2276,2229,2250,22492,69344,6345,41924,5927,0,0,46515,329846,56.5734,0.931491,1.11062,5.75564,57.239,0,2.65426,0.274196,7.16538,73.7535,75.7238,0.010534,WDG+GR+GC+T+BP with AStar,benchmarks/room-64-64-8/scenarios/room-64-64-8-random-16.scen:
room-64-64-8,room-64-64-8-random-17,35,300,300,178294,356589,147088981,315834990,-1,2232,2187,2206,22699,77592,16997,83702,3,0,0,45616,627418,65.1859,1.6177,1.61695,10.9094,107.838,0,2.44749,0.366365,9.28406,96.653,99.5186,0.010697,WDG+GR+GC+T+BP with AStar,benchmarks/room-64-64-8/scenarios/room-64-64-8-random-17.scen:
room-64-64-8,room-64-64-8-random-18,35,300,1.42032,605,1210,503343,1046147,2336,2336,2283,2327,100,316,65,207,17,0,0,648,1261,0.818615,0.005199,0.005279,0.019333,0.171607,0,0.076496,0.000689,0.039478,0.305595,0.313569,0.010506,WDG+GR+GC+T+BP with AStar,benchmarks/room-64-64-8/scenarios/room-64-64-8-random-18.scen:
room-64-64-8,room-64-64-8-random-19,35,300,1.25158,1388,2775,640935,1579808,1878,1878,1829,1862,141,807,50,517,13,0,0,742,2996,0.519308,0.011312,0.009774,0.020999,0.219408,0,0.037579,0.001229,0.053035,0.408016,0.422252,0.01066,WDG+GR+GC+T+BP with AStar,benchmarks/room-64-64-8/scenarios/room-64-64-8-random-19.scen:
room-64-64-8,room-64-64-8-random-1,35,300,0.085439,26,53,26966,63885,2011,2011,1980,1998,2,3,0,14,9,0,0,61,3,0.056035,0.000273,0.000257,0.000125,0.005381,0,0.005906,1.8e-05,0.001997,0.014978,0.015281,0.011036,WDG+GR+GC+T+BP with AStar,benchmarks/room-64-64-8/scenarios/room-64-64-8-random-1.scen:
room-64-64-8,room-64-64-8-random-20,35,300,4.12113,3851,7703,2561278,5767842,2034,2034,1982,2024,245,2237,4,1607,3,0,0,1049,6693,1.32289,0.02405,0.028324,0.067518,0.957966,0,0.100871,0.003517,0.164865,1.55748,1.59638,0.010603,WDG+GR+GC+T+BP with AStar,benchmarks/room-64-64-8/scenarios/room-64-64-8-random-20.scen:
room-64-64-8,room-64-64-8-random-21,35,300,0.212342,149,297,78406,206780,2377,2377,2357,2373,24,74,13,61,0,0,0,189,284,0.107536,0.001284,0.001288,0.004298,0.037047,0,0.006329,0.000108,0.005958,0.049912,0.051812,0.010687,WDG+GR+GC+T+BP with AStar,benchmarks/room-64-64-8/scenarios/room-64-64-8-random-21.scen:
room-64-64-8,room-64-64-8-random-22,35,300,0.202733,33,65,57399,105682,1984,1984,1943,1962,10,10,2,17,3,0,0,69,34,0.128605,0.000366,0.000369,0.002176,0.015135,0,0.022025,3.2e-05,0.003614,0.03118,0.031977,0.010719,WDG+GR+GC+T+BP with AStar,benchmarks/room-64-64-8/scenarios/room-64-64-8-random-22.scen:
room-64-64-8,room-64-64-8-random-23,35,300,2.47342,2443,4887,1612364,3807473,2118,2118,2082,2104,215,1292,24,946,181,0,0,376,4557,0.502767,0.021742,0.018866,0.039001,0.782739,0,0.029942,0.001959,0.094826,1.03105,1.06529,0.010673,WDG+GR+GC+T+BP with AStar,benchmarks/room-64-64-8/scenarios/room-64-64-8-random-23.scen:
room-64-64-8,room-64-64-8-random-24,35,300,82.3801,45315,90625,39402754,76906394,1938,1938,1896,1915,3000,11966,2292,30898,159,0,0,13442,147919,21.39,0.53875,0.361202,2.24973,31.0026,0,0.905737,0.052685,2.30186,24.2373,24.7948,0.010607,WDG+GR+GC+T+BP with AStar,benchmarks/room-64-64-8/scenarios/room-64-64-8-random-24.scen:
room-64-64-8,room-64-64-8-random-25,35,300,170.3,17382,34595,62536318,83871177,2271,2271,2213,2255,3970,11173,259,4619,1331,0,0,32019,30938,53.806,0.110302,0.165604,1.53664,9.14915,0,2.17372,0.029477,8.42097,102.466,102.7,0.010647,WDG+GR+GC+T+BP with AStar,benchmarks/room-64-64-8/scenarios/room-64-64-8-random-25.scen:
room-64-64-8,room-64-64-8-random-2,35,300,16.3307,17842,35685,13082361,28305665,1960,1960,1923,1943,4443,11023,607,5906,306,0,0,3182,35768,3.88423,0.108682,0.135859,0.441289,2.89426,0,0.246621,0.024866,0.778554,8.14195,8.33858,0.011074,WDG+GR+GC+T+BP with AStar,benchmarks/room-64-64-8/scenarios/room-64-64-8-random-2.scen:
room-64-64-8,room-64-64-8-random-3,35,300,0.13898,102,203,54483,141628,1956,1956,1936,1948,8,53,5,42,1,0,0,89,103,0.071358,0.000788,0.00078,0.001369,0.023524,0,0.004563,8.3e-05,0.004655,0.033474,0.03446,0.010893,WDG+GR+GC+T+BP with AStar,benchmarks/room-64-64-8/scenarios/room-64-64-8-random-3.scen:
room-64-64-8,room-64-64-8-random-4,35,300,300.4,50849,101480,132777079,191551083,-1,2128,2040,2095,4778,18156,1357,31072,264,0,0,52369,165212,98.9421,0.503589,0.48881,4.33593,45.6871,0,3.85169,0.091898,12.5531,143.088,143.977,0.010654,WDG+GR+GC+T+BP with AStar,benchmarks/room-64-64-8/scenarios/room-64-64-8-random-4.scen:
room-64-64-8,room-64-64-8-random-5,35,300,226.846,95442,190883,229965310,334783427,2294,2294,2209,2247,2921,36925,2469,54134,1913,0,0,12754,278588,51.4131,0.809511,0.879298,4.61431,46.0009,0,1.93097,0.159813,4.84071,113.017,118.54,0.010909,WDG+GR+GC+T+BP with AStar,benchmarks/room-64-64-8/scenarios/room-64-64-8-random-5.scen:
room-64-64-8,room-64-64-8-random-6,35,300,22.7622,10009,20019,8987137,20270186,2349,2349,2316,2335,1418,5688,300,3735,286,0,0,6953,22350,9.68093,0.072062,0.087967,0.400729,6.00151,0,0.538363,0.016758,0.665311,5.56351,5.72761,0.01064,WDG+GR+GC+T+BP with AStar,benchmarks/room-64-64-8/scenarios/room-64-64-8-random-6.scen:
room-64-64-8,room-64-64-8-random-7,35,300,25.4556,17100,34201,14281658,30896225,2386,2386,2349,2370,637,7350,638,9112,0,0,0,2121,40935,4.02313,0.158723,0.143649,0.551664,10.9414,0,0.168447,0.021007,0.756244,8.74724,9.06666,0.01081,WDG+GR+GC+T+BP with AStar,benchmarks/room-64-64-8/scenarios/room-64-64-8-random-7.scen:
room-64-64-8,room-64-64-8-random-8,35,300,15.7463,5302,10603,7128512,13449645,2224,2224,2153,2191,1281,1573,558,3016,154,0,0,1959,11589,5.86446,0.042362,0.04805,0.23436,4.81755,0,0.290574,0.008058,0.384184,4.26015,4.33404,0.010552,WDG+GR+GC+T+BP with AStar,benchmarks/room-64-64-8/scenarios/room-64-64-8-random-8.scen:
room-64-64-8,room-64-64-8-random-9,35,300,69.0928,31857,62982,66106114,103542245,1998,1998,1948,1976,3014,16507,879,13426,1045,0,0,8221,66392,18.8633,0.206624,0.273324,1.04619,12.5807,0,1.29232,0.062147,2.53096,33.1992,33.7398,0.010645,WDG+GR+GC+T+BP with AStar,benchmarks/room-64-64-8/scenarios/room-64-64-8-random-9.scen:
room-64-64-8,room-64-64-8-random-10,40,300,8.03507,9219,18439,5866111,13840415,2482,2482,2439,2468,3133,5369,951,2867,32,0,0,1820,18850,1.69656,0.077373,0.087695,0.183318,2.00303,0,0.088487,0.011523,0.413397,3.68739,3.81316,0.012185,WDG+GR+GC+T+BP with AStar,benchmarks/room-64-64-8/scenarios/room-64-64-8-random-10.scen:
room-64-64-8,room-64-64-8-random-11,40,300,96.877,31829,63659,72094578,108144755,2466,2466,2382,2438,53,14674,3642,12616,897,0,0,8525,86010,29.1975,0.446777,0.292728,2.44637,20.6485,0,2.33291,0.059372,2.56349,39.7133,40.1495,0.012015,WDG+GR+GC+T+BP with AStar,benchmarks/room-64-64-8/scenarios/room-64-64-8-random-11.scen:
room-64-64-8,room-64-64-8-random-12,40,300,3.07651,3113,6227,2027974,4644287,2227,2227,2189,2215,1327,1054,63,1916,80,0,0,1405,7001,0.952138,0.028617,0.030464,0.06642,0.595722,0,0.068806,0.002671,0.144561,1.27257,1.31738,0.012311,WDG+GR+GC+T+BP with AStar,benchmarks/room-64-64-8/scenarios/room-64-64-8-random-12.scen:
room-64-64-8,room-64-64-8-random-13,40,300,300,290355,580711,171568129,376387526,-1,2272,2229,2251,29286,114782,5737,169836,0,0,0,22949,916641,37.4705,2.64983,2.46831,9.0855,129.816,0,1.20398,0.353074,10.6316,107.491,111.797,0.012197,WDG+GR+GC+T+BP with AStar,benchmarks/room-64-64-8/scenarios/room-64-64-8-random-13.scen:
room-64-64-8,room-64-64-8-random-14,40,300,72.0643,60105,120209,47673638,106500017,2582,2582,2490,2565,2800,22213,3899,33940,53,0,0,9390,150331,13.6646,0.588765,0.530885,1.7271,24.2285,0,0.512654,0.055837,2.79376,29.5168,30.2752,0.012197,WDG+GR+GC+T+BP with AStar,benchmarks/room-64-64-8/scenarios/room-64-64-8-random-14.scen:
room-64-64-8,room-64-64-8-random-15,40,300,300,142201,284403,120232567,258271957,-1,2251,2210,2234,30262,69173,5348,40509,27171,0,0,52098,363499,95.9504,1.19234,1.54886,6.86323,91.5579,0,4.17465,0.299439,9.80949,89.4069,91.6433,0.014658,WDG+GR+GC+T+BP with AStar,benchmarks/room-64-64-8/scenarios/room-64-64-8-random-15.scen:
room-64-64-8,room-64-64-8-random-16,40,300,300,167966,335933,164061862,337771781,-1,2580,2533,2555,19981,84135,10818,63482,9531,0,0,46626,471233,71.3454,1.57296,1.66206,6.94144,98.3603,0,3.03167,0.317707,9.86877,105.804,108.584,0.013077,WDG+GR+GC+T+BP with AStar,benchmarks/room-64-64-8/scenarios/room-64-64-8-random-16.scen:
room-64-64-8,room-64-64-8-random-17,40,300,300.001,210470,420941,130563257,294864290,-1,2552,2502,2527,1552,82015,29524,98930,1,0,0,24572,976531,40.3641,3.10878,2.12486,10.5478,139.509,0,0.709158,0.352044,8.73417,88.5252,92.2985,0.012614,WDG+GR+GC+T+BP with AStar,benchmarks/room-64-64-8/scenarios/room-64-64-8-random-17.scen:
room-64-64-8,room-64-64-8-random-18,40,300,95.8172,33553,67077,58487227,96772821,2724,2724,2633,2698,5519,13202,5315,14348,687,0,0,17623,111609,37.5061,0.429157,0.361311,2.84997,18.4813,0,2.43489,0.089302,2.62467,31.7271,32.3735,0.013197,WDG+GR+GC+T+BP with AStar,benchmarks/room-64-64-8/scenarios/room-64-64-8-random-18.scen:
room-64-64-8,room-64-64-8-random-19,40,300,74.5374,62199,123161,44870505,101143011,2299,2299,2239,2278,9085,37950,2344,20391,1513,0,0,18151,166730,20.8282,0.511632,0.562702,1.4926,21.1155,0,0.997706,0.066843,2.82734,27.1351,28.2321,0.012961,WDG+GR+GC+T+BP with AStar,benchmarks/room-64-64-8/scenarios/room-64-64-8-random-19.scen:
room-64-64-8,room-64-64-8-random-1,40,300,0.396919,177,355,123800,286624,2278,2278,2239,2258,20,40,20,103,14,0,0,235,147,0.229343,0.001721,0.00157,0.002489,0.056148,0,0.022215,0.000209,0.009756,0.077257,0.079344,0.012726,WDG+GR+GC+T+BP with AStar,benchmarks/room-64-64-8/scenarios/room-64-64-8-random-1.scen:
room-64-64-8,room-64-64-8-random-20,40,300,44.0679,32087,64175,44369311,74652786,2234,2234,2177,2220,1984,18470,171,13443,3,0,0,5714,64674,9.63665,0.25195,0.275355,0.587306,8.76369,0,0.481256,0.03071,2.02708,23.5381,23.9133,0.012924,WDG+GR+GC+T+BP with AStar,benchmarks/room-64-64-8/scenarios/room-64-64-8-random-20.scen:
room-64-64-8,room-64-64-8-random-21,40,300,78.0272,75974,151949,48174188,113762398,2734,2734,2702,2723,9165,48205,3271,24498,0,0,0,15157,224073,14.4299,0.681216,0.718869,1.86129,26.8532,0,0.565232,0.07105,3.39507,31.122,32.1613,0.012739,WDG+GR+GC+T+BP with AStar,benchmarks/room-64-64-8/scenarios/room-64-64-8-random-21.scen:
room-64-64-8,room-64-64-8-random-22,40,300,3.25889,907,1813,1220173,2170366,2244,2244,2187,2207,59,353,88,405,60,0,0,718,2347,1.51985,0.008372,0.007977,0.029959,0.842434,0,0.12005,0.00095,0.0638,0.699156,0.719138,0.012622,WDG+GR+GC+T+BP with AStar,benchmarks/room-64-64-8/scenarios/room-64-64-8-random-22.scen:
room-64-64-8,room-64-64-8-random-23,40,300,51.7887,46062,92120,33728219,77728547,2403,2403,2354,2379,8864,21160,2859,16368,5675,0,0,3698,106826,6.41734,0.463472,0.439636,0.912157,19.9041,0,0.269211,0.053364,1.98953,22.1519,22.927,0.0127,WDG+GR+GC+T+BP with AStar,benchmarks/room-64-64-8/scenarios/room-64-64-8-random-23.scen:
room-64-64-8,room-64-64-8-random-24,40,300,300,151362,302678,151291357,287072650,-1,2110,2065,2085,17722,61149,5578,84419,216,0,0,60545,478039,95.4176,1.6488,1.34592,6.61016,98.1314,0,4.14544,0.171158,8.73002,88.2711,90.2338,0.013232,WDG+GR+GC+T+BP with AStar,benchmarks/room-64-64-8/scenarios/room-64-64-8-random-24.scen:
room-64-64-8,room-64-64-8-random-25,40,300,300.002,44943,89500,143801103,194559241,-1,2621,2556,2602,8310,25654,990,15917,2382,0,0,65505,108897,117.293,0.416958,0.471728,2.70333,32.0246,0,3.91454,0.061926,9.03481,141.557,142.226,0.012645,WDG+GR+GC+T+BP with AStar,benchmarks/room-64-64-8/scenarios/room-64-64-8-random-25.scen:
room-64-64-8,room-64-64-8-random-2,40,300,300.001,180413,360827,200238762,403971504,-1,2322,2271,2293,48906,99272,4039,76263,839,0,0,26428,570014,44.4796,1.59992,1.82513,6.48271,116.224,0,1.4822,0.260421,10.7201,121.911,124.818,0.012509,WDG+GR+GC+T+BP with AStar,benchmarks/room-64-64-8/scenarios/room-64-64-8-random-2.scen:
room-64-64-8,room-64-64-8-random-3,40,300,8.12724,3854,7709,3696939,7878387,2428,2428,2394,2411,981,1401,302,2149,2,0,0,915,10581,1.81966,0.037799,0.038466,0.098179,3.68929,0,0.072719,0.004115,0.21718,2.27688,2.34154,0.012758,WDG+GR+GC+T+BP with AStar,benchmarks/room-64-64-8/scenarios/room-64-64-8-random-3.scen:
room-64-64-8,room-64-64-8-random-4,40,300,300.001,24662,48569,186496278,212722645,-1,2676,2502,2641,908,6072,649,17176,765,0,0,25963,107022,72.7625,0.649439,0.274143,5.03354,25.6671,0,5.11088,0.037099,8.81901,188.741,189.278,0.012772,WDG+GR+GC+T+BP with AStar,benchmarks/room-64-64-8/scenarios/room-64-64-8-random-4.scen:
room-64-64-8,room-64-64-8-random-5,40,300,300,157399,314799,226705764,382322218,-1,2638,2550,2589,17709,76009,6385,71959,3046,0,0,33006,464690,93.9777,1.79258,1.60399,4.54283,64.4463,0,2.01278,0.217738,8.05416,123.364,128.399,0.012541,WDG+GR+GC+T+BP with AStar,benchmarks/room-64-64-8/scenarios/room-64-64-8-random-5.scen:
room-64-64-8,room-64-64-8-random-6,40,300,300,158883,317733,156898068,340406573,-1,2709,2665,2690,18655,83739,3091,66845,5208,0,0,57376,444203,87.6063,1.3459,1.59933,6.26188,97.853,0,4.59187,0.202916,9.543,95.1756,98.4246,0.012926,WDG+GR+GC+T+BP with AStar,benchmarks/room-64-64-8/scenarios/room-64-64-8-random-6.scen:
room-64-64-8,room-64-64-8-random-7,40,300,300,201246,402493,187077622,391583070,-1,2696,2649,2676,11477,86102,9577,105567,0,0,0,12053,557388,26.5082,2.16945,1.95194,6.37165,135.728,0,0.817766,0.268684,9.16686,118.181,122.068,0.012464,WDG+GR+GC+T+BP with AStar,benchmarks/room-64-64-8/scenarios/room-64-64-8-random-7.scen:
room-64-64-8,room-64-64-8-random-8,40,300,40.0937,14268,28537,26902494,46172925,2449,2449,2375,2414,5182,4537,1131,7711,889,0,0,2963,34625,10.6864,0.1228,0.163796,0.483587,13.2656,0,0.474665,0.020178,1.24139,14.4917,14.7539,0.012546,WDG+GR+GC+T+BP with AStar,benchmarks/room-64-64-8/scenarios/room-64-64-8-random-8.scen:
room-64-64-8,room-64-64-8-random-9,40,300,300.002,175466,350115,332237753,527351031,-1,2317,2263,2294,13461,94565,7701,64157,9043,0,0,16072,408134,46.2895,1.39489,1.56321,3.9491,66.8817,0,3.00133,0.289007,12.4973,169.654,172.621,0.012178,WDG+GR+GC+T+BP with AStar,benchmarks/room-64-64-8/scenarios/room-64-64-8-random-9.scen:
room-64-64-8,room-64-64-8-random-10,50,300,300,324469,648939,214176975,483776734,-1,2986,2936,2969,98506,196598,37298,65322,25251,0,0,29198,1145206,37.6613,3.6942,3.97488,13.8364,71.5844,0,0.868684,0.532047,14.3265,140.425,146.391,0.015336,WDG+GR+GC+T+BP with AStar,benchmarks/room-64-64-8/scenarios/room-64-64-8-random-10.scen:
room-64-64-8,room-64-64-8-random-11,50,300,300.001,69790,139581,227771247,315836617,-1,3160,3057,3127,0,0,57,65653,4080,0,0,15875,283992,47.3982,2.70027,0.906327,6.70073,103.086,0,3.36497,0.086765,6.58178,132.307,133.858,0.015599,WDG+GR+GC+T+BP with AStar,benchmarks/room-64-64-8/scenarios/room-64-64-8-random-11.scen:
room-64-64-8,room-64-64-8-random-12,50,300,300,209370,418648,171552964,358135791,-1,3054,2988,3028,35417,21493,12846,164118,10913,0,0,18922,795195,45.9305,3.32908,2.53759,9.06052,116.508,0,1.48556,0.291798,9.67557,109.152,113.809,0.014997,WDG+GR+GC+T+BP with AStar,benchmarks/room-64-64-8/scenarios/room-64-64-8-random-12.scen:
room-64-64-8,room-64-64-8-random-13,50,300,300,308239,616479,186575748,420583308,-1,2717,2659,2695,7049,119043,5741,183455,0,0,0,12605,1132553,26.3078,5.34328,3.22174,9.22883,127.82,0,0.454685,0.309174,10.9497,116.905,123.007,0.015272,WDG+GR+GC+T+BP with AStar,benchmarks/room-64-64-8/scenarios/room-64-64-8-random-13.scen:
room-64-64-8,room-64-64-8-random-14,50,300,300.001,225520,451011,167393527,383405979,-1,3117,3011,3099,19010,77971,19975,120250,7324,0,0,27943,696886,47.292,3.64673,3.12538,9.862,101.974,0,1.45844,0.687052,10.7324,113.337,119.393,0.015445,WDG+GR+GC+T+BP with AStar,benchmarks/room-64-64-8/scenarios/room-64-64-8-random-14.scen:
room-64-64-8,room-64-64-8-random-15,50,300,300,189299,378599,124455535,283642277,-1,2811,2758,2786,28964,83745,17012,69059,19483,0,0,21726,699931,49.7214,3.51973,2.6874,8.64518,129.339,0,1.12877,0.688206,9.31371,87.1944,92.8132,0.022435,WDG+GR+GC+T+BP with AStar,benchmarks/room-64-64-8/scenarios/room-64-64-8-random-15.scen:
room-64-64-8,room-64-64-8-random-16,50,300,300,204520,409041,159517986,336693298,-1,3090,3027,3057,13786,87344,28344,82316,6516,0,0,24839,715080,48.67,3.85979,2.63064,9.96422,105.968,0,1.46596,0.640279,9.88166,106.038,111.362,0.016008,WDG+GR+GC+T+BP with AStar,benchmarks/room-64-64-8/scenarios/room-64-64-8-random-16.scen:
room-64-64-8,room-64-64-8-random-17,50,300,300.001,153836,305733,117686609,249242968,-1,3228,3170,3203,0,0,0,150112,3724,0,0,18573,896143,33.1039,5.04455,2.35101,9.39099,156.349,0,0.532049,0.326043,6.17478,79.0864,84.9427,0.015875,WDG+GR+GC+T+BP with AStar,benchmarks/room-64-64-8/scenarios/room-64-64-8-random-17.scen:
room-64-64-8,room-64-64-8-random-18,50,300,300,132167,264333,144200287,264877402,-1,3375,3268,3341,1154,3947,1413,123768,3039,0,0,18061,666865,53.9222,4.45129,2.09758,8.95031,125.713,0,2.06097,0.36541,6.94395,90.5503,95.4157,0.016308,WDG+GR+GC+T+BP with AStar,benchmarks/room-64-64-8/scenarios/room-64-64-8-random-18.scen:
room-64-64-8,room-64-64-8-random-19,50,300,300.001,196229,392411,164967234,335222695,-1,2860,2781,2829,24249,78438,15179,97375,5237,0,0,32346,754368,58.1523,2.9737,2.31161,8.84762,116.474,0,1.917,0.29197,8.51102,98.6035,103.539,0.015262,WDG+GR+GC+T+BP with AStar,benchmarks/room-64-64-8/scenarios/room-64-64-8-random-19.scen:
room-64-64-8,room-64-64-8-random-1,50,300,7.27489,4652,9305,3383520,7759828,2787,2787,2740,2762,1632,2001,738,1809,104,0,0,1554,13379,1.91053,0.054097,0.053044,0.134938,2.6648,0,0.11227,0.007794,0.23777,2.12832,2.20318,0.016299,WDG+GR+GC+T+BP with AStar,benchmarks/room-64-64-8/scenarios/room-64-64-8-random-1.scen:
room-64-64-8,room-64-64-8-random-20,50,300,300,202955,405911,244398083,434724755,-1,2714,2640,2689,26692,91529,2789,108394,243,0,0,27807,536277,48.3561,2.74403,2.16835,5.84687,96.6183,0,2.03344,0.227728,10.5291,136.397,139.61,0.016045,WDG+GR+GC+T+BP with AStar,benchmarks/room-64-64-8/scenarios/room-64-64-8-random-20.scen:
room-64-64-8,room-64-64-8-random-21,50,300,300,361420,722841,186792625,453959390,-1,3338,3294,3322,8906,242831,41888,76701,0,0,0,22832,1190692,33.1453,4.94193,3.82487,10.5598,108.374,0,0.583522,0.38128,13.4054,122.627,128.931,0.015826,WDG+GR+GC+T+BP with AStar,benchmarks/room-64-64-8/scenarios/room-64-64-8-random-21.scen:
room-64-64-8,room-64-64-8-random-22,50,300,302.435,125531,251063,149046655,276733740,-1,2904,2822,2857,8272,48341,15207,57693,4290,0,0,27716,475996,91.233,1.80928,1.40841,8.3625,99.1289,0,3.08021,0.205866,7.18915,85.87,88.5817,0.016205,WDG+GR+GC+T+BP with AStar,benchmarks/room-64-64-8/scenarios/room-64-64-8-random-22.scen:
room-64-64-8,room-64-64-8-random-23,50,300,300,185968,371937,181197724,364724629,-1,3122,3059,3092,11309,50012,23978,96099,15879,0,0,7666,666225,21.8509,3.90986,2.1681,8.57384,137.461,0,0.59924,0.374216,8.94544,114.545,118.165,0.015545,WDG+GR+GC+T+BP with AStar,benchmarks/room-64-64-8/scenarios/room-64-64-8-random-23.scen:
room-64-64-8,room-64-64-8-random-24,50,300,300,177854,355709,143967745,292716269,-1,2724,2665,2694,2481,14444,7125,156174,111,0,0,15662,771596,30.4894,5.12835,1.91299,7.64005,155.611,0,0.75691,0.180293,7.68222,90.0879,93.3509,0.015575,WDG+GR+GC+T+BP with AStar,benchmarks/room-64-64-8/scenarios/room-64-64-8-random-24.scen:
room-64-64-8,room-64-64-8-random-25,50,300,300.028,97062,193229,213918342,302400948,-1,3394,3250,3370,6642,28937,3827,60919,3379,0,0,9711,382696,35.9566,1.90439,1.15273,6.5566,76.1122,0,1.2728,0.111814,9.05583,173.016,175.005,0.015708,WDG+GR+GC+T+BP with AStar,benchmarks/room-64-64-8/scenarios/room-64-64-8-random-25.scen:
room-64-64-8,room-64-64-8-random-2,50,300,300.007,81571,163143,177153792,272177330,-1,2850,2757,2816,14622,35008,11166,33754,1643,0,0,21959,378840,123.856,1.77005,1.00988,4.97002,58.0722,0,4.23918,0.253974,6.48763,97.6111,99.4391,0.01544,WDG+GR+GC+T+BP with AStar,benchmarks/room-64-64-8/scenarios/room-64-64-8-random-2.scen:
room-64-64-8,room-64-64-8-random-3,50,300,300.074,33330,65755,228136996,260092047,-1,3063,2996,3031,2542,13457,3784,15161,928,0,0,8459,100674,47.7592,0.493856,0.36362,2.09579,18.452,0,1.0725,0.04574,10.1474,228.626,229.256,0.015604,WDG+GR+GC+T+BP with AStar,benchmarks/room-64-64-8/scenarios/room-64-64-8-random-3.scen:
room-64-64-8,room-64-64-8-random-4,50,300,300.019,26233,51781,175628954,202184781,-1,3329,3093,3255,0,0,0,24867,1366,0,0,10555,139357,70.5343,1.57073,0.338832,2.69461,43.6207,0,3.93667,0.030003,7.4909,175.718,176.632,0.015657,WDG+GR+GC+T+BP with AStar,benchmarks/room-64-64-8/scenarios/room-64-64-8-random-4.scen:
room-64-64-8,room-64-64-8-random-5,50,300,300.006,211603,423207,216431310,401094043,-1,3319,3224,3270,206,20060,6202,180839,4502,0,0,12178,855269,43.4353,4.89492,2.45897,6.90961,102.51,0,0.960413,0.220991,9.33624,128.691,133.939,0.015616,WDG+GR+GC+T+BP with AStar,benchmarks/room-64-64-8/scenarios/room-64-64-8-random-5.scen:
room-64-64-8,room-64-64-8-random-6,50,300,300,213793,427587,175575167,379209550,-1,3398,3341,3377,3,521,3458,207773,2041,0,0,12313,948210,28.4063,5.73832,2.49222,7.0289,138.732,0,0.511655,0.177544,9.16923,108.964,113.919,0.015702,WDG+GR+GC+T+BP with AStar,benchmarks/room-64-64-8/scenarios/room-64-64-8-random-6.scen:
room-64-64-8,room-64-64-8-random-7,50,300,300,137768,275537,272268165,424743323,-1,3082,2992,3056,28207,55841,14750,57364,9813,0,0,12125,455733,33.6283,2.13524,1.69434,6.20699,86.7918,0,1.345,0.241117,6.56961,155.075,162.194,0.01567,WDG+GR+GC+T+BP with AStar,benchmarks/room-64-64-8/scenarios/room-64-64-8-random-7.scen:
room-64-64-8,room-64-64-8-random-8,50,300,300.001,183483,357854,240991266,427695414,-1,3111,3006,3056,35034,57708,30930,86598,8247,0,0,12409,461407,32.4413,2.67726,2.08703,6.89565,110.163,0,1.53723,0.329818,11.6168,136.761,139.998,0.015317,WDG+GR+GC+T+BP with AStar,benchmarks/room-64-64-8/scenarios/room-64-64-8-random-8.scen:
room-64-64-8,room-64-64-8-random-9,50,300,300,119887,238572,246113047,388614822,-1,2874,2813,2847,11258,49584,12138,46196,11969,0,0,16671,460432,60.8866,2.00736,1.36152,4.35978,95.5272,0,3.92495,0.216601,8.72197,124.739,127.513,0.015466,WDG+GR+GC+T+BP with AStar,benchmarks/room-64-64-8/scenarios/room-64-64-8-random-9.scen:
